Date,Open,High,Low,Close,Volume,Change
2018-01-02,368000,370000,360500,360500,92533,-0.020380434782608647
2018-01-03,360000,368500,360000,363000,81340,0.006934812760055475
2018-01-04,367500,367500,349000,349000,190391,-0.038567493112947604
2018-01-05,351000,352000,348000,351500,99268,0.007163323782235054
2018-01-08,359000,383500,358000,383500,490208,0.09103840682788045
2018-01-09,384000,391000,382500,384500,169318,0.0026075619295957697
2018-01-10,387500,389000,378000,380500,102377,-0.01040312093628093
2018-01-11,385000,391500,381000,383000,141184,0.006570302233902758
2018-01-12,389000,397000,388000,394500,193850,0.030026109660574507
2018-01-15,400000,408500,396500,400500,148493,0.015209125475285079
2018-01-16,398000,400000,388000,395000,88807,-0.013732833957553092
2018-01-17,396000,399000,385000,389500,100485,-0.013924050632911356
2018-01-18,390000,394500,381000,382500,91055,-0.01797175866495504
2018-01-19,382500,389500,382500,387500,92929,0.013071895424836555
2018-01-22,394000,409000,393500,402000,202940,0.03741935483870962
2018-01-23,401000,404500,394500,402000,90114,0.0
2018-01-24,399500,406000,399500,403000,70180,0.0024875621890547706
2018-01-25,401500,417000,401500,415000,164184,0.02977667493796532
2018-01-26,412000,415000,405500,406500,104069,-0.02048192771084334
2018-01-29,410000,426000,409000,423500,163648,0.04182041820418214
2018-01-30,420500,429500,416000,419000,110199,-0.010625737898465215
2018-01-31,411000,421500,401000,420000,133719,0.0023866348448686736
2018-02-01,425000,437500,423000,427500,198092,0.017857142857142794
2018-02-02,428000,431000,417500,417500,112524,-0.023391812865497075
2018-02-05,409000,423000,406500,416000,151172,-0.003592814371257469
2018-02-06,404000,418500,396000,412000,157542,-0.009615384615384581
2018-02-07,416000,420500,391500,392000,202328,-0.04854368932038833
2018-02-08,388000,402500,384000,399000,154739,0.017857142857142794
2018-02-09,403500,427000,399000,418500,297735,0.048872180451127845
2018-02-12,419000,435000,411500,431000,166078,0.029868578255675127
2018-02-13,431000,441000,426000,435500,156528,0.010440835266821269
2018-02-14,426500,441500,425500,435500,117268,0.0
2018-02-19,443500,455500,440000,449500,136608,0.03214695752009189
2018-02-20,447000,453000,443000,453000,82477,0.007786429365962189
2018-02-21,450000,450000,435000,442000,142102,-0.02428256070640178
2018-02-22,435500,448000,429000,442500,128947,0.0011312217194570096
2018-02-23,448000,461000,443500,461000,159729,0.041807909604519855
2018-02-26,468500,469000,458000,468000,111109,0.015184381778741818
2018-02-27,468000,474500,463500,466500,119419,-0.0032051282051281937
2018-02-28,462000,472500,458000,459000,148290,-0.01607717041800638
2018-03-02,452500,475000,452500,474500,149968,0.03376906318082784
2018-03-05,474500,475000,447500,452000,164203,-0.04741833508956794
2018-03-06,451000,458500,441500,446500,183866,-0.012168141592920345
2018-03-07,447000,453500,442500,445000,108495,-0.0033594624860022737
2018-03-08,445000,446000,417000,434000,334703,-0.024719101123595544
2018-03-09,439000,442000,427500,429500,178824,-0.010368663594470084
2018-03-12,434000,435000,424000,428500,139265,-0.002328288707799775
2018-03-13,426500,437000,426000,436500,143337,0.018669778296382722
2018-03-14,430500,449500,428000,442500,134964,0.013745704467353903
2018-03-15,444500,444500,436500,440000,72592,-0.005649717514124242
2018-03-16,437000,437000,423000,425500,177105,-0.03295454545454546
2018-03-19,425500,429500,420500,425500,85959,0.0
2018-03-20,427500,441500,427500,436000,117616,0.024676850763807323
2018-03-21,436000,438000,431000,435500,74662,-0.0011467889908256534
2018-03-22,438500,445000,434000,439500,66173,0.009184845005740572
2018-03-23,428000,437500,427500,430000,80087,-0.021615472127417545
2018-03-26,423000,440500,423000,440500,93789,0.024418604651162745
2018-03-27,448000,454000,444000,446500,98037,0.013620885357548351
2018-03-28,444000,444000,428000,435500,106299,-0.024636058230683044
2018-03-29,435500,443500,429000,433000,88636,-0.00574052812858783
2018-03-30,438000,438500,429500,433000,52200,0.0
2018-04-02,430000,440000,428000,429500,66567,-0.008083140877598205
2018-04-03,428000,435500,426000,434000,59553,0.010477299185098987
2018-04-04,431500,438500,431500,434000,74381,0.0
2018-04-05,439000,456000,438500,447000,128078,0.02995391705069128
2018-04-06,447000,448000,437500,442500,71582,-0.010067114093959773
2018-04-09,437000,441000,432000,438500,75713,-0.009039548022598876
2018-04-10,438000,439500,426000,430000,121276,-0.019384264538198415
2018-04-11,430000,432000,421000,426000,107967,-0.009302325581395321
2018-04-12,426500,433000,426500,428000,95995,0.0046948356807512415
2018-04-13,428000,437000,424000,424000,123537,-0.009345794392523366
2018-04-16,423000,427000,401500,408000,199615,-0.037735849056603765
2018-04-17,409000,416500,408500,410500,90157,0.006127450980392135
2018-04-18,415000,419500,410000,413000,97031,0.006090133982947554
2018-04-19,411000,411500,401500,401500,140792,-0.02784503631961255
2018-04-20,404000,409500,403500,409000,76200,0.018679950186799577
2018-04-23,405500,407500,401500,402000,81632,-0.017114914425427896
2018-04-24,405500,408500,401500,406500,63324,0.011194029850746245
2018-04-25,407000,408000,395000,403000,98599,-0.008610086100861003
2018-04-26,402500,413500,400000,411000,84234,0.01985111662531014
2018-04-27,411500,416500,402500,404500,73068,-0.015815085158150888
2018-04-30,403000,415000,403000,414000,56218,0.023485784919653918
2018-05-02,415000,416500,397000,400000,121493,-0.033816425120772986
2018-05-03,397000,417500,393000,406000,135438,0.014999999999999902
2018-05-04,402500,404000,385000,385000,163487,-0.051724137931034475
2018-05-08,385500,388500,373500,386000,151670,0.0025974025974024872
2018-05-09,386500,391000,381500,389000,85771,0.007772020725388629
2018-05-10,389000,391500,380500,383000,116434,-0.015424164524421635
2018-05-11,384000,393000,382500,387000,84894,0.010443864229765065
2018-05-14,390000,398500,389000,394500,95075,0.019379844961240345
2018-05-15,390000,392500,378000,379500,133781,-0.03802281368821292
2018-05-16,379500,390000,379000,379500,92505,0.0
2018-05-17,382000,386000,375500,377500,86457,-0.005270092226614009
2018-05-18,379500,390000,379500,384000,124238,0.017218543046357615
2018-05-21,391000,394500,384000,391500,152353,0.01953125
2018-05-23,390000,390000,376000,377500,168349,-0.03575989782886335
2018-05-24,377500,380500,365500,368000,141353,-0.025165562913907258
2018-05-25,371500,374000,364500,367000,113274,-0.0027173913043477826
2018-05-28,368000,384000,368000,380000,162542,0.03542234332425065
2018-05-29,382000,382000,373000,373000,82727,-0.018421052631578894
2018-05-30,371000,376500,361500,363000,107516,-0.02680965147453085
2018-05-31,371500,376000,363000,368500,251808,0.015151515151515138
2018-06-01,366500,370500,362000,363000,91435,-0.014925373134328401
2018-06-04,368500,378000,363500,376500,133516,0.037190082644628086
2018-06-05,379500,383500,370500,372500,92855,-0.010624169986719778
2018-06-07,378000,381500,370500,372000,114818,-0.0013422818791946067
2018-06-08,372000,384000,370000,381000,151653,0.024193548387096753
2018-06-11,382000,383000,375500,381000,74839,0.0
2018-06-12,380000,382500,377000,380500,68967,-0.001312335958005284
2018-06-14,380000,380500,363000,363000,240480,-0.04599211563731931
2018-06-15,363500,367000,361000,365500,128297,0.00688705234159781
2018-06-18,365500,374500,365000,369500,118122,0.010943912448700521
2018-06-19,368000,369500,350000,354000,197082,-0.041948579161028454
2018-06-20,354000,359000,348000,353000,150683,-0.0028248587570621764
2018-06-21,351000,355500,342500,345500,127942,-0.021246458923512734
2018-06-22,340500,349000,335500,348000,108203,0.00723589001447178
2018-06-25,349000,352000,348000,350500,84034,0.007183908045977017
2018-06-26,349000,353500,346000,352000,86815,0.004279600570613384
2018-06-27,348000,349000,331500,338500,266875,-0.03835227272727271
2018-06-28,340000,347000,336500,337500,104997,-0.002954209748892156
2018-06-29,340500,348000,329000,348000,164880,0.03111111111111109
2018-07-02,346500,347500,328500,330000,139554,-0.051724137931034475
2018-07-03,330500,336000,321500,328000,141959,-0.0060606060606061
2018-07-04,325000,331000,322500,324000,75743,-0.012195121951219523
2018-07-05,325000,330000,322500,329000,62738,0.015432098765432167
2018-07-06,327000,333500,319000,330000,168927,0.003039513677811634
2018-07-09,332000,342000,330500,340000,101730,0.030303030303030276
2018-07-10,337000,345500,337000,341500,96868,0.004411764705882337
2018-07-11,336000,346000,334500,335000,78027,-0.019033674963396807
2018-07-12,338500,348000,338000,346500,149499,0.0343283582089553
2018-07-13,346000,351000,342500,344000,61296,-0.00721500721500723
2018-07-16,343000,350000,340000,344500,68678,0.0014534883720929148
2018-07-17,348000,349000,330000,332500,122585,-0.03483309143686497
2018-07-18,336000,345500,336000,338500,82443,0.018045112781954975
2018-07-19,340000,350000,337500,338000,83184,-0.001477104874446078
2018-07-20,338000,341500,333000,336000,62161,-0.00591715976331364
2018-07-23,340000,340500,331500,332000,72174,-0.011904761904761862
2018-07-24,336500,338000,329500,338000,54832,0.01807228915662651
2018-07-25,337500,351000,332000,335000,113745,-0.00887573964497046
2018-07-26,341500,354000,338000,353500,137756,0.055223880597014885
2018-07-27,355000,355000,350000,352500,68660,-0.0028288543140028155
2018-07-30,350000,354500,346000,354000,74641,0.004255319148936065
2018-07-31,355500,362000,351500,359500,118695,0.015536723163841915
2018-08-01,359500,360000,337000,338500,240735,-0.05841446453407506
2018-08-02,338000,338500,328500,330000,148059,-0.025110782865583436
2018-08-03,330000,333000,325500,331000,114616,0.003030303030302939
2018-08-06,329500,337500,327500,334500,157183,0.010574018126888296
2018-08-07,338000,350500,335000,347500,250807,0.038863976083707064
2018-08-08,347000,358500,347000,352500,171292,0.014388489208633004
2018-08-09,350000,358000,343000,343000,167705,-0.026950354609929117
2018-08-10,344500,354500,343500,344500,138057,0.004373177842565523
2018-08-13,344500,354000,343000,347000,110102,0.007256894049346929
2018-08-14,347500,349500,336000,340000,116041,-0.02017291066282423
2018-08-16,336000,343500,329500,340000,118754,0.0
2018-08-17,340500,343000,336000,336000,88293,-0.0117647058823529
2018-08-20,340000,342000,336500,338000,75334,0.005952380952380931
2018-08-21,336500,337000,329000,331500,153070,-0.019230769230769273
2018-08-22,332000,332500,312500,315000,413988,-0.04977375565610864
2018-08-23,316000,316000,305500,311000,297695,-0.012698412698412653
2018-08-24,309000,313000,304000,311500,146181,0.001607717041800738
2018-08-27,309500,317000,309500,311000,175243,-0.0016051364365970988
2018-08-28,314000,325500,314000,321500,230821,0.0337620578778135
2018-08-29,322500,327500,320500,322500,115629,0.0031104199066873672
2018-08-30,321000,321500,315500,316500,154875,-0.018604651162790753
2018-08-31,316000,316000,311500,316000,105825,-0.0015797788309637184
2018-09-03,315500,316000,311500,312000,120087,-0.012658227848101222
2018-09-04,313500,314500,304000,308500,192140,-0.011217948717948678
2018-09-05,308500,308500,300000,300500,213957,-0.02593192868719607
2018-09-06,300500,305500,297500,297500,138906,-0.009983361064891838
2018-09-07,299500,304000,297000,302500,118930,0.01680672268907557
2018-09-10,300500,303500,299000,300000,92985,-0.008264462809917328
2018-09-11,300000,300000,285500,287500,347855,-0.04166666666666663
2018-09-12,284500,290000,277000,288000,275191,0.0017391304347826875
2018-09-13,291000,296500,286000,286000,253043,-0.00694444444444442
2018-09-14,285000,293000,285000,290500,120057,0.01573426573426584
2018-09-17,288000,289500,283500,286500,83779,-0.013769363166953541
2018-09-18,284500,291500,283500,286000,146092,-0.0017452006980802626
2018-09-19,288500,293500,284000,286000,149132,0.0
2018-09-20,285500,285500,277000,283500,273259,-0.00874125874125875
2018-09-21,286500,287000,279000,284000,135055,0.0017636684303350414
2018-09-27,281500,282000,276000,277000,216757,-0.02464788732394363
2018-09-28,277500,280000,277000,278000,130560,0.0036101083032491488
2018-10-01,278000,283000,273000,273500,146439,-0.01618705035971224
2018-10-02,272500,276500,271000,274500,104710,0.003656307129798808
2018-10-04,274500,274500,255000,257000,359452,-0.063752276867031
2018-10-05,255000,263500,253500,262500,197454,0.021400778210116655
2018-10-08,266000,278000,265500,270500,268886,0.030476190476190546
2018-10-10,273500,276000,267000,271500,8154268,0.003696857670979714
2018-10-11,268000,278000,263000,268000,316757,-0.012891344383057057
2018-10-12,264500,273000,262000,269000,165301,0.003731343283582156
2018-10-15,269500,270000,262000,266000,101782,-0.01115241635687736
2018-10-16,267000,269500,263500,266500,90221,0.001879699248120259
2018-10-17,268000,274500,267000,271000,93263,0.016885553470919357
2018-10-18,271000,273000,256500,257500,159115,-0.04981549815498154
2018-10-19,254500,260500,250000,260000,163182,0.009708737864077666
2018-10-22,260000,263500,252500,262000,82049,0.007692307692307665
2018-10-23,261000,263000,254000,256000,131843,-0.022900763358778664
2018-10-24,262000,274500,262000,272500,282081,0.064453125
2018-10-25,269500,281500,261500,281000,332452,0.031192660550458662
2018-10-26,283000,283000,265000,268000,189936,-0.0462633451957295
2018-10-29,269000,274500,255000,255500,188029,-0.04664179104477617
2018-10-30,250500,259000,247000,254000,140517,-0.005870841487279899
2018-10-31,255500,265500,248500,262500,144762,0.0334645669291338
2018-11-01,265000,274000,261000,265000,151966,0.00952380952380949
2018-11-02,272000,289500,270500,285500,364391,0.07735849056603783
2018-11-05,283500,285000,274000,284500,169994,-0.003502626970227629
2018-11-06,283000,284000,277000,280500,103334,-0.01405975395430581
2018-11-07,279500,283000,277500,278500,114486,-0.007130124777183555
2018-11-08,283500,286000,276500,278500,150174,0.0
2018-11-09,276000,287000,276000,281500,155264,0.010771992818671361
2018-11-12,287000,288500,278000,286000,135910,0.015985790408525657
2018-11-13,281500,283500,275500,280000,95260,-0.020979020979020935
2018-11-14,289000,296500,286500,290500,248689,0.03750000000000009
2018-11-15,289500,297500,288000,295000,167086,0.015490533562822817
2018-11-16,296000,297000,289000,293500,113071,-0.005084745762711895
2018-11-19,290500,296000,286000,291500,156883,-0.006814310051107331
2018-11-20,288500,290500,278000,279000,148924,-0.04288164665523153
2018-11-21,280500,284500,278500,283500,119902,0.016129032258064502
2018-11-22,284000,285000,278500,284500,86915,0.003527336860670305
2018-11-23,284500,288000,276000,277500,73661,-0.024604569420035194
2018-11-26,281500,292500,277000,291500,176942,0.05045045045045038
2018-11-27,290000,291500,285000,287000,90608,-0.015437392795883409
2018-11-28,288000,288000,273500,276000,242287,-0.0383275261324042
2018-11-29,280000,283500,274000,275500,163571,-0.0018115942028985588
2018-11-30,277000,278000,270500,272500,171723,-0.010889292196007205
2018-12-03,278000,293500,278000,288500,367898,0.05871559633027523
2018-12-04,288500,290000,282500,285500,118190,-0.010398613518197597
2018-12-05,279500,285000,275000,279500,125804,-0.021015761821365997
2018-12-06,278000,287500,277500,279500,129819,0.0
2018-12-07,280500,282000,277000,278500,63322,-0.003577817531305927
2018-12-10,273000,274500,262000,266000,188927,-0.044883303411131115
2018-12-11,267000,271000,264500,265500,87222,-0.001879699248120259
2018-12-12,265500,268500,263500,267000,112257,0.005649717514124353
2018-12-13,270500,276000,267000,273500,156157,0.02434456928838946
2018-12-14,275000,278500,269000,272000,79873,-0.005484460694698323
2018-12-17,274000,275000,270500,274500,56727,0.009191176470588314
2018-12-18,272500,276500,268000,268500,91743,-0.021857923497267784
2018-12-19,277500,281500,274500,281500,154744,0.04841713221601496
2018-12-20,277500,281000,274500,278000,80582,-0.01243339253996445
2018-12-21,280000,286500,279000,283500,123112,0.019784172661870603
2018-12-24,284000,292000,280500,291500,148530,0.02821869488536155
2018-12-26,286500,297000,285500,295500,179050,0.013722126929674117
2018-12-27,291000,292000,278000,279500,210430,-0.05414551607445006
2018-12-28,281000,283500,274000,277000,101456,-0.008944543828264706
2019-01-02,277500,283500,274500,275000,111841,-0.0072202166064981865
2019-01-03,277000,277500,266000,267500,97431,-0.027272727272727226
2019-01-04,263000,265000,251000,256500,261091,-0.04112149532710285
2019-01-07,265500,279000,261000,272500,224976,0.06237816764132553
2019-01-08,276500,276500,263000,263000,107111,-0.034862385321100864
2019-01-09,264000,274000,261500,272000,135380,0.034220532319391594
2019-01-10,269000,271000,264500,265000,124741,-0.02573529411764708
2019-01-11,266000,273000,264000,272500,128423,0.028301886792452935
2019-01-14,272500,274000,264000,265000,117457,-0.02752293577981646
2019-01-15,266000,269500,264000,268500,103833,0.013207547169811429
2019-01-16,269000,277500,268500,276500,188534,0.029795158286778367
2019-01-17,277500,285000,277500,282500,200586,0.02169981916817365
2019-01-18,285000,287500,280000,281500,131183,-0.0035398230088495852
2019-01-21,287000,294500,287000,292000,199448,0.03730017761989335
2019-01-22,293000,296000,289500,290500,122341,-0.005136986301369828
2019-01-23,289000,291000,283500,288000,120067,-0.008605851979345935
2019-01-24,287500,290000,284500,288500,59180,0.0017361111111111605
2019-01-25,288000,300000,287000,298500,177792,0.03466204506065851
2019-01-28,299500,306500,298000,304500,181363,0.0201005025125629
2019-01-29,303500,303500,296000,299000,126766,-0.01806239737274218
2019-01-30,302000,305000,294500,304500,120012,0.018394648829431537
2019-01-31,309500,310000,298500,300000,118017,-0.014778325123152691
2019-02-01,300000,304000,297000,300000,85374,0.0
2019-02-07,301500,305000,294500,304000,96157,0.01333333333333342
2019-02-08,302500,303000,287000,287000,211071,-0.05592105263157898
2019-02-11,287000,288500,278500,283500,156943,-0.012195121951219523
2019-02-12,283500,286000,278500,284500,132672,0.003527336860670305
2019-02-13,288000,301000,287500,301000,263470,0.05799648506151134
2019-02-14,299000,302500,294000,302000,145649,0.0033222591362125353
2019-02-15,299500,301000,293500,296500,100948,-0.018211920529801362
2019-02-18,301000,313000,300000,312500,291907,0.053962900505902134
2019-02-19,312000,322000,312000,321500,293662,0.028799999999999937
2019-02-20,322500,331500,322000,327000,244489,0.01710730948678063
2019-02-21,326000,332500,324000,331000,164723,0.012232415902140747
2019-02-22,331000,331500,326000,330500,107297,-0.0015105740181269312
2019-02-25,334500,336000,325500,327500,142446,-0.009077155824508298
2019-02-26,326500,329500,323500,329000,99725,0.004580152671755711
2019-02-27,328500,329500,325500,329500,58758,0.001519756838905817
2019-02-28,328000,328000,318500,319000,197732,-0.03186646433990892
2019-03-04,319500,324000,311500,313000,175519,-0.018808777429467072
2019-03-05,314000,316000,308000,310500,111189,-0.007987220447284393
2019-03-06,312000,315500,306000,310000,102208,-0.0016103059581320522
2019-03-07,307500,309000,292000,294000,265132,-0.05161290322580647
2019-03-08,293500,297000,289000,291500,147853,-0.008503401360544172
2019-03-11,295000,297500,284000,289000,172958,-0.00857632933104635
2019-03-12,292000,293500,288000,291000,112464,0.006920415224913601
2019-03-13,290000,291000,284500,288000,121992,-0.010309278350515427
2019-03-14,293500,295500,288000,292500,204605,0.015625
2019-03-15,291500,297000,290500,295000,155163,0.008547008547008517
2019-03-18,296000,297500,293500,296000,115407,0.003389830508474523
2019-03-19,296000,298000,292000,293500,95560,-0.008445945945945943
2019-03-20,293500,294000,285500,290500,113671,-0.010221465076660996
2019-03-21,289500,289500,285000,289000,182563,-0.005163511187607606
2019-03-22,289500,290500,279000,281000,228267,-0.02768166089965396
2019-03-25,276500,283000,275000,276500,136232,-0.016014234875444844
2019-03-26,276500,279500,274000,277500,93413,0.003616636528029016
2019-03-27,276000,279000,275000,277000,83946,-0.0018018018018017834
2019-03-28,274500,283000,274000,281500,132570,0.016245487364620947
2019-03-29,283000,291500,278000,290500,247435,0.03197158081705154
2019-04-01,296000,307500,296000,301000,290584,0.03614457831325302
2019-04-02,302000,304000,298000,301000,106550,0.0
2019-04-03,298500,308500,298500,307500,142642,0.021594684385382035
2019-04-04,307500,309500,305500,306500,102677,-0.003252032520325243
2019-04-05,307000,309500,298500,302500,104878,-0.013050570962479635
2019-04-08,301000,304000,295000,299000,127902,-0.011570247933884281
2019-04-09,300500,303000,297500,298500,76991,-0.0016722408026755842
2019-04-10,298500,299000,292000,295500,121223,-0.01005025125628145
2019-04-11,296000,301500,296000,301000,143797,0.01861252115059231
2019-04-12,301000,308000,297500,304500,147939,0.011627906976744207
2019-04-15,306500,309000,300500,300500,128121,-0.013136288998357948
2019-04-16,300500,303500,293500,294000,125463,-0.021630615640598982
2019-04-17,294000,294000,286500,287000,205456,-0.023809523809523836
2019-04-18,287000,287500,281500,282000,202570,-0.017421602787456414
2019-04-19,283500,285000,280500,282000,112927,0.0
2019-04-22,282000,287000,280000,280500,115397,-0.005319148936170248
2019-04-23,281000,281000,275000,275500,179333,-0.017825311942959
2019-04-24,278000,280500,275000,276000,126875,0.001814882032667775
2019-04-25,275000,276000,272000,272500,125663,-0.0126811594202898
2019-04-26,272000,272500,265000,266000,188673,-0.023853211009174258
2019-04-29,267500,275000,267000,275000,138075,0.03383458646616533
2019-04-30,275000,275500,266500,268500,163492,-0.023636363636363678
2019-05-02,268500,275000,268500,270500,96666,0.007448789571694592
2019-05-03,271500,273500,268000,268000,91940,-0.009242144177449174
2019-05-07,265000,271000,260000,268000,158486,0.0
2019-05-08,264000,271000,264000,271000,133682,0.011194029850746245
2019-05-09,269500,270500,261000,261000,154678,-0.03690036900369009
2019-05-10,262500,267000,260000,264500,118030,0.013409961685823646
2019-05-13,265000,269500,261000,261500,103432,-0.011342155009451793
2019-05-14,260000,265000,259500,261500,173893,0.0
2019-05-15,265000,269500,264500,265000,188880,0.013384321223709472
2019-05-16,263500,269000,261500,263000,94238,-0.007547169811320753
2019-05-17,264000,268500,263000,263500,73076,0.0019011406844107182
2019-05-20,264000,265000,254500,257000,131512,-0.024667931688804545
2019-05-21,257000,263000,257000,261500,86804,0.017509727626459082
2019-05-22,263000,266000,262000,264500,68546,0.011472275334607929
2019-05-23,264500,266000,262000,265500,100176,0.003780718336483968
2019-05-24,263000,264000,259000,261000,103377,-0.016949152542372836
2019-05-27,261000,261500,257500,261000,138945,0.0
2019-05-28,261000,263000,257500,258000,141304,-0.011494252873563204
2019-05-29,258500,260000,251000,254500,104817,-0.013565891472868241
2019-05-30,254000,258500,251500,255000,95870,0.0019646365422396617
2019-05-31,254000,259000,251500,258000,122274,0.0117647058823529
2019-06-03,255000,261000,254500,260000,83028,0.007751937984496138
2019-06-04,258500,265000,258500,263000,119410,0.011538461538461497
2019-06-05,266500,268000,263500,266500,111890,0.013307984790874583
2019-06-07,265500,265500,254500,256000,183870,-0.039399624765478425
2019-06-10,257500,259000,256500,258000,89574,0.0078125
2019-06-11,258000,260500,256000,259000,106954,0.003875968992248069
2019-06-12,259000,260500,257000,258000,68267,-0.0038610038610038533
2019-06-13,258500,258500,256000,258000,86722,0.0
2019-06-14,257500,258000,246500,248000,207867,-0.03875968992248058
2019-06-17,249000,249500,245000,248500,102600,0.002016129032258007
2019-06-18,247000,253500,247000,252000,105327,0.014084507042253502
2019-06-19,256000,262000,254500,259000,133064,0.02777777777777768
2019-06-20,257500,259500,255000,256000,60764,-0.01158301158301156
2019-06-21,256000,258000,254500,255000,76448,-0.00390625
2019-06-24,257500,257500,252000,254000,52357,-0.0039215686274509665
2019-06-25,254000,262000,254000,257000,122563,0.011811023622047223
2019-06-26,256500,259000,254500,255500,46898,-0.005836575875486361
2019-06-27,255500,258500,254000,258500,54285,0.011741682974559797
2019-06-28,257500,257500,252500,252500,70692,-0.023210831721469982
2019-07-01,257000,261500,255000,256000,86010,0.013861386138613874
2019-07-02,256000,261500,255000,260500,87625,0.017578125
2019-07-03,267000,274500,266000,268500,260851,0.030710172744721653
2019-07-04,270000,271000,265500,270500,89960,0.007448789571694592
2019-07-05,270500,272000,265500,267500,105027,-0.011090573012939031
2019-07-08,265500,265500,256500,257500,110626,-0.03738317757009346
2019-07-09,256000,257500,248500,250000,200763,-0.029126213592232997
2019-07-10,248500,251000,245000,248500,120786,-0.006000000000000005
2019-07-11,249000,251500,241500,242000,298712,-0.026156941649899346
2019-07-12,243000,244500,238500,239500,186202,-0.010330578512396715
2019-07-15,239500,247500,235000,245500,226872,0.025052192066805867
2019-07-16,246000,252500,244500,251500,164018,0.024439918533604832
2019-07-17,251500,253000,249500,252500,88687,0.003976143141153132
2019-07-18,248500,252000,242000,243500,125745,-0.035643564356435675
2019-07-19,243500,248000,242500,247000,106455,0.014373716632443578
2019-07-22,248000,248000,244500,246500,67387,-0.002024291497975672
2019-07-23,247000,251000,246500,249500,88801,0.012170385395537497
2019-07-24,250000,251500,245500,246500,56119,-0.012024048096192397
2019-07-25,245000,246000,238500,242000,80429,-0.018255578093306246
2019-07-26,236500,239500,235000,235500,117052,-0.02685950413223137
2019-07-29,236000,237000,232000,232500,84298,-0.01273885350318471
2019-07-30,230000,233500,230000,231500,79020,-0.004301075268817178
2019-07-31,232000,236000,231000,233000,83155,0.00647948164146861
2019-08-01,240000,241500,231000,231500,119847,-0.006437768240343367
2019-08-02,225500,230500,224500,227500,109280,-0.017278617710583144
2019-08-05,227000,227500,216500,217000,199012,-0.0461538461538461
2019-08-06,207500,225500,207500,217000,250589,0.0
2019-08-07,218000,224500,218000,221000,114731,0.018433179723502224
2019-08-08,223500,226000,220000,222000,116288,0.004524886877828038
2019-08-09,224500,224500,221000,221000,52436,-0.0045045045045044585
2019-08-12,220000,227000,219000,222500,62402,0.006787330316742057
2019-08-13,222000,224000,220500,221000,58587,-0.006741573033707815
2019-08-14,225000,228000,223000,226500,77228,0.02488687782805421
2019-08-16,224500,226000,219500,221500,76334,-0.02207505518763797
2019-08-19,223000,230000,221000,228500,72687,0.03160270880361171
2019-08-20,227500,232000,227000,229000,79518,0.002188183807439792
2019-08-21,229500,233000,227000,228000,69161,-0.004366812227074246
2019-08-22,228500,229000,223000,224000,84106,-0.01754385964912286
2019-08-23,224000,230000,222000,227500,79754,0.015625
2019-08-26,223000,224500,217000,217000,123804,-0.0461538461538461
2019-08-27,219000,222500,218500,219500,105647,0.011520737327188835
2019-08-28,219000,221000,216500,220000,68738,0.002277904328018332
2019-08-29,220000,223000,218000,220000,74767,0.0
2019-08-30,222000,226000,222000,225000,99246,0.022727272727272707
2019-09-02,221000,224000,219000,220500,88765,-0.020000000000000018
2019-09-03,220500,222500,217500,220000,93458,-0.0022675736961451642
2019-09-04,220000,223000,218500,223000,82123,0.013636363636363669
2019-09-05,223500,237500,221000,235000,244799,0.053811659192825045
2019-09-06,234500,236000,229000,229000,106904,-0.025531914893617058
2019-09-09,230500,238500,230000,234500,142054,0.024017467248908186
2019-09-10,235000,245000,235000,244000,209719,0.04051172707889128
2019-09-11,244000,248500,242000,243500,189550,-0.002049180327868827
2019-09-16,244000,251500,234500,249500,244213,0.024640657084188833
2019-09-17,247000,253000,245500,252500,158989,0.012024048096192397
2019-09-18,252500,253500,246500,250500,149568,-0.007920792079207928
2019-09-19,249500,251000,247500,249000,71919,-0.005988023952095856
2019-09-20,248000,252500,247500,251000,113703,0.008032128514056325
2019-09-23,250000,251000,244000,245500,117066,-0.021912350597609542
2019-09-24,245500,248000,243500,246000,80467,0.0020366598778003286
2019-09-25,244000,245000,235500,236000,155164,-0.04065040650406504
2019-09-26,237500,241000,235500,237000,81970,0.004237288135593209
2019-09-27,237500,238000,233500,235500,50056,-0.006329113924050667
2019-09-30,233000,237500,232500,236000,73647,0.002123142250530785
2019-10-01,235000,243000,234500,239000,64211,0.012711864406779627
2019-10-02,237500,237500,232000,232000,76239,-0.029288702928870314
2019-10-04,232000,234000,230000,230000,52960,-0.008620689655172376
2019-10-07,230000,235000,229500,231000,88556,0.004347826086956497
2019-10-08,229500,233000,229000,232000,82612,0.0043290043290042934
2019-10-10,230000,235500,227000,232000,120685,0.0
2019-10-11,236500,242000,236000,240000,113087,0.034482758620689724
2019-10-14,244500,250000,243500,246500,181604,0.027083333333333348
2019-10-15,245000,247000,243000,243500,61610,-0.012170385395537497
2019-10-16,245000,245500,238000,239500,123365,-0.01642710472279263
2019-10-17,239500,243000,237000,239500,68884,0.0
2019-10-18,241000,243000,235000,235500,62223,-0.01670146137787054
2019-10-21,235500,238500,233500,237500,58948,0.00849256900212314
2019-10-22,239500,244500,237500,241000,67332,0.01473684210526316
2019-10-23,239000,241000,235500,236000,62824,-0.020746887966805017
2019-10-24,236000,238000,233000,236500,50947,0.0021186440677967155
2019-10-25,236500,237000,232500,233500,77256,-0.012684989429175508
2019-10-28,236000,236500,233000,234000,45844,0.0021413276231263545
2019-10-29,235000,235500,232000,233000,51858,-0.004273504273504258
2019-10-30,234000,234000,225500,227000,116308,-0.025751072961373356
2019-10-31,227000,230500,226500,227000,79930,0.0
2019-11-01,227000,233500,225500,232500,88724,0.02422907488986792
2019-11-04,230500,230500,218500,220000,351305,-0.053763440860215006
2019-11-05,221000,221500,219000,221000,136604,0.00454545454545463
2019-11-06,221000,222000,219000,219500,127629,-0.006787330316742057
2019-11-07,219500,221000,219000,220500,80697,0.004555808656036442
2019-11-08,223500,228000,223000,227000,243653,0.02947845804988658
2019-11-11,227000,229000,224000,226000,97843,-0.004405286343612369
2019-11-12,226000,227500,225000,226500,60875,0.0022123893805310324
2019-11-13,225500,226000,222500,223000,69162,-0.015452538631346546
2019-11-14,222500,226500,222500,225500,72320,0.011210762331838486
2019-11-15,224000,227000,222500,226000,65021,0.0022172949002217113
2019-11-18,227500,228000,223500,225500,54331,-0.0022123893805309214
2019-11-19,224000,225000,221500,223000,89461,-0.011086474501108667
2019-11-20,222500,223000,219500,221500,89626,-0.006726457399103158
2019-11-21,222000,223000,218000,219000,75333,-0.011286681715575675
2019-11-22,219000,220000,218000,219500,53468,0.0022831050228311334
2019-11-25,220000,224500,219500,223500,84294,0.018223234624145768
2019-11-26,224000,227000,223000,225000,145989,0.006711409395973256
2019-11-27,227000,227500,222000,223000,72454,-0.008888888888888835
2019-11-28,222000,223000,220500,222000,48855,-0.004484304932735439
2019-11-29,224000,228000,219500,220000,128963,-0.009009009009009028
2019-12-02,220000,222500,219000,219000,70475,-0.004545454545454519
2019-12-03,217500,219500,213500,219000,73558,0.0
2019-12-04,216000,218000,214000,214500,84638,-0.020547945205479423
2019-12-05,215000,216000,209000,210000,124202,-0.020979020979020935
2019-12-06,210000,213000,210000,211500,49532,0.0071428571428571175
2019-12-09,213500,213500,210500,212000,74509,0.0023640661938533203
2019-12-10,210500,212500,210500,212000,43481,0.0
2019-12-11,212000,216500,211500,215000,66379,0.014150943396226356
2019-12-12,215000,222000,215000,221000,215449,0.027906976744185963
2019-12-13,227000,231000,225500,226000,228748,0.02262443438914019
2019-12-16,226000,229500,222500,227000,143429,0.004424778761061843
2019-12-17,225000,230000,225000,228500,120332,0.0066079295154184425
2019-12-18,227000,230000,226000,228500,117359,0.0
2019-12-19,226000,228000,222500,227000,156576,-0.006564551422319487
2019-12-20,227000,235000,227000,234500,211564,0.033039647577092435
2019-12-23,235500,237000,231500,233000,87888,-0.006396588486140775
2019-12-24,232000,235500,230000,232000,56481,-0.0042918454935622075
2019-12-26,234000,234000,229500,230500,97614,-0.006465517241379337
2019-12-27,226500,229500,225000,228500,91022,-0.008676789587852451
2019-12-30,228500,229000,223000,224000,113754,-0.01969365426695846
2020-01-02,224000,224500,218500,218500,104804,-0.024553571428571397
2020-01-03,219000,221500,216000,216000,110576,-0.011441647597253968
2020-01-06,214000,214500,208500,209000,190442,-0.03240740740740744
2020-01-07,211000,212000,209000,210000,136181,0.004784688995215225
2020-01-08,207000,207500,200000,203000,232742,-0.033333333333333326
2020-01-09,207000,210000,203500,205500,150918,0.012315270935960632
2020-01-10,205500,206000,201000,204000,167110,-0.007299270072992692
2020-01-13,204500,209500,204500,209500,153547,0.026960784313725394
2020-01-14,209500,219500,209500,219000,244681,0.04534606205250591
2020-01-15,218500,220500,215500,218000,135060,-0.004566210045662156
2020-01-16,216500,218500,215000,218000,83419,0.0
2020-01-17,216500,218500,215500,217500,83475,-0.002293577981651418
2020-01-20,216500,223500,216000,221500,125504,0.01839080459770126
2020-01-21,221500,221500,214000,214500,117738,-0.03160270880361171
2020-01-22,216000,216500,212000,216000,78721,0.006993006993007089
2020-01-23,213000,215000,208000,209000,137539,-0.03240740740740744
2020-01-28,203000,203500,195000,196000,306075,-0.062200956937799035
2020-01-29,198500,199500,196000,197000,113049,0.005102040816326481
2020-01-30,197500,201000,194000,195000,108078,-0.010152284263959421
2020-01-31,196000,197500,189500,189500,177298,-0.028205128205128216
2020-02-03,186000,190000,182000,187500,131060,-0.01055408970976257
2020-02-04,189000,196000,188500,191000,167510,0.01866666666666661
2020-02-05,194000,198500,194000,197500,150657,0.03403141361256545
2020-02-06,201500,214000,200500,213000,339549,0.07848101265822782
2020-02-07,211500,213500,206000,209000,175442,-0.018779342723004744
2020-02-10,210500,215500,207000,209500,201443,0.0023923444976077235
2020-02-11,210000,212500,208500,210000,99060,0.0023866348448686736
2020-02-12,209500,210500,207500,209500,117644,-0.0023809523809523725
2020-02-13,210500,211000,207000,208000,125649,-0.007159904534606243
2020-02-14,207000,208500,205500,207000,92441,-0.004807692307692291
2020-02-17,207000,210000,205500,208000,77475,0.004830917874396157
2020-02-18,207500,210000,205500,208000,90278,0.0
2020-02-19,210000,210000,206000,207000,154252,-0.004807692307692291
2020-02-20,207000,209500,204000,204000,146792,-0.01449275362318836
2020-02-21,202000,202500,197500,199000,159082,-0.02450980392156865
2020-02-24,195500,195500,191000,191000,123898,-0.04020100502512558
2020-02-25,191000,192000,188000,189000,115114,-0.010471204188481686
2020-02-26,188000,196500,184500,194000,206042,0.02645502645502651
2020-02-27,192500,194000,188500,191000,131147,-0.015463917525773141
2020-02-28,186000,190000,186000,187500,215601,-0.01832460732984298
2020-03-02,188000,189500,183000,184500,136468,-0.016000000000000014
2020-03-03,185500,193500,185500,188000,150346,0.01897018970189701
2020-03-04,182500,186500,181000,183500,314717,-0.02393617021276595
2020-03-05,184500,186000,181500,183500,159072,0.0
2020-03-06,182000,182000,174000,176000,241901,-0.04087193460490468
2020-03-09,178000,183000,171000,171500,324312,-0.025568181818181768
2020-03-10,171500,184000,171500,183000,338908,0.06705539358600587
2020-03-11,180000,191500,179500,185000,246090,0.010928961748633892
2020-03-12,185000,187000,170500,175000,285394,-0.05405405405405406
2020-03-13,161000,173500,153500,167500,342322,-0.042857142857142816
2020-03-16,168500,170000,156000,156000,204473,-0.06865671641791049
2020-03-17,142500,152500,142500,148500,253166,-0.04807692307692313
2020-03-18,149000,151500,138500,138500,167057,-0.06734006734006737
2020-03-19,141000,144500,114500,117000,313242,-0.15523465703971118
2020-03-20,121000,149000,119500,147500,301848,0.26068376068376065
2020-03-23,133000,143000,128500,137500,242745,-0.06779661016949157
2020-03-24,144000,149000,140500,149000,234454,0.08363636363636373
2020-03-25,158000,165500,156500,164000,259386,0.10067114093959728
2020-03-26,165000,177000,160500,166500,282245,0.015243902439024293
2020-03-27,178000,182000,165500,173500,191362,0.04204204204204198
2020-03-30,166500,183000,164500,181000,214671,0.043227665706051965
2020-03-31,183500,193000,183000,193000,309889,0.06629834254143652
2020-04-01,189000,195000,182000,183000,237629,-0.051813471502590636
2020-04-02,182500,187000,171500,180500,286203,-0.013661202185792365
2020-04-03,182500,184000,169000,170500,260421,-0.05540166204986152
2020-04-06,173000,174000,170500,174000,148662,0.02052785923753664
2020-04-07,177500,179500,171000,173500,189981,-0.002873563218390829
2020-04-08,172000,176500,171000,172500,170883,-0.0057636887608069065
2020-04-09,175500,176000,171000,175000,238068,0.01449275362318847
2020-04-10,174000,183500,172500,183500,236744,0.04857142857142849
2020-04-13,182000,187000,178500,180000,136311,-0.019073569482288777
2020-04-14,184000,196000,183000,192500,379858,0.06944444444444442
2020-04-16,189500,195500,186000,191500,171169,-0.0051948051948051965
2020-04-17,194500,202500,193000,194000,196941,0.01305483028720622
2020-04-20,194000,205500,193500,200500,244564,0.03350515463917536
2020-04-21,207500,208000,194000,203500,263619,0.014962593516209433
2020-04-22,202000,207500,196500,202000,171751,-0.0073710073710073765
2020-04-23,203000,216500,198500,215500,333824,0.06683168316831689
2020-04-24,213000,221000,208500,212500,245942,-0.0139211136890951
2020-04-27,216000,225500,214500,223500,242427,0.051764705882352935
2020-04-28,224500,226000,216500,222000,204510,-0.006711409395973145
2020-04-29,224000,229500,214000,215500,256073,-0.029279279279279313
2020-05-04,205000,208500,195500,196000,477632,-0.09048723897911837
2020-05-06,200000,200500,190500,195500,262335,-0.0025510204081632404
2020-05-07,193000,197000,192500,195500,154604,0.0
2020-05-08,194000,198000,193500,195500,162081,0.0
2020-05-11,195000,195000,186500,187000,317474,-0.04347826086956519
2020-05-12,188000,188500,180000,183000,230230,-0.021390374331550777
2020-05-13,180000,187500,179500,187500,182658,0.024590163934426146
2020-05-14,184500,187000,181500,185500,175362,-0.010666666666666713
2020-05-15,186500,190000,185000,185500,155691,0.0
2020-05-18,187000,188500,184000,187000,118033,0.008086253369272267
2020-05-19,193000,194000,190000,192000,240921,0.02673796791443861
2020-05-20,191500,195000,191000,191500,107010,-0.0026041666666666297
2020-05-21,192500,193000,188500,189000,197089,-0.01305483028720622
2020-05-22,191000,191000,182000,183000,211171,-0.031746031746031744
2020-05-25,183500,185000,181000,184000,152481,0.005464480874316946
2020-05-26,184000,190000,184000,187500,190263,0.01902173913043481
2020-05-27,188500,196000,188500,189500,332835,0.010666666666666602
2020-05-28,192000,193000,186500,189500,215743,0.0
2020-05-29,187500,191000,186000,188000,219346,-0.0079155672823219
2020-06-01,188000,190500,187500,189500,87982,0.007978723404255428
2020-06-02,189000,192500,188500,190000,132472,0.0026385224274405594
2020-06-03,192000,199500,191500,199000,468452,0.047368421052631504
2020-06-04,205500,207000,192000,193000,490330,-0.03015075376884424
2020-06-05,193000,195500,191000,193000,210405,0.0
2020-06-08,196500,197000,192000,194000,218361,0.005181347150259086
2020-06-09,195000,195500,186000,188000,313700,-0.030927835051546393
2020-06-10,187000,189500,185500,187500,163846,-0.0026595744680850686
2020-06-11,186000,186500,182500,184000,280710,-0.01866666666666672
2020-06-12,175000,178500,175000,176500,200268,-0.040760869565217406
2020-06-15,176000,176000,165000,165000,273285,-0.06515580736543913
2020-06-16,168500,173500,167500,171000,259188,0.036363636363636376
2020-06-17,168500,171500,165000,166500,264443,-0.02631578947368418
2020-06-18,165500,171000,164000,171000,192660,0.027027027027026973
2020-06-19,173000,185000,172000,183500,450459,0.07309941520467844
2020-06-22,182000,183000,177500,179500,151407,-0.021798365122615793
2020-06-23,181000,184000,175000,175500,215452,-0.02228412256267409
2020-06-24,176500,178000,173500,174500,127369,-0.005698005698005715
2020-06-25,172000,174500,170000,170500,124404,-0.022922636103151817
2020-06-26,172000,178500,171500,172000,125238,0.008797653958944274
2020-06-29,168500,169500,165500,166000,140914,-0.03488372093023251
2020-06-30,168500,172500,167000,167000,136248,0.006024096385542244
2020-07-01,169000,169500,166500,167000,85463,0.0
2020-07-02,168500,169500,167000,168500,92870,0.008982035928143617
2020-07-03,169000,172500,168000,172000,118528,0.020771513353115667
2020-07-06,172000,173000,168500,171500,93105,-0.0029069767441860517
2020-07-07,173000,179000,172500,175000,157186,0.020408163265306145
2020-07-08,175000,176500,173000,176500,100047,0.008571428571428674
2020-07-09,178500,178500,172500,173000,142749,-0.019830028328611915
2020-07-10,173000,173000,167000,167500,144734,-0.03179190751445082
2020-07-13,169000,177500,167000,176000,207859,0.05074626865671639
2020-07-14,174000,178500,173500,176000,111912,0.0
2020-07-15,180000,182500,174500,177500,216708,0.008522727272727293
2020-07-16,177500,178500,177000,178000,88050,0.0028169014084507005
2020-07-17,177000,178500,176000,176500,89964,-0.008426966292134797
2020-07-20,177000,178000,173500,175000,92527,-0.008498583569405138
2020-07-21,174000,178000,173500,175000,128500,0.0
2020-07-22,175500,186000,175000,180500,342476,0.03142857142857136
2020-07-23,181500,181500,172500,174500,248643,-0.03324099722991691
2020-07-24,172000,174500,169500,173000,85832,-0.008595988538681931
2020-07-27,173000,175000,170500,171000,100484,-0.011560693641618491
2020-07-28,171000,174000,170500,171500,154676,0.0029239766081872176
2020-07-29,170500,173500,170000,171500,110746,0.0
2020-07-30,172500,174000,169500,170000,170392,-0.008746355685131157
2020-07-31,170000,172000,168000,168500,133395,-0.008823529411764675
2020-08-03,169500,170000,167500,168500,115443,0.0
2020-08-04,168500,171500,168000,169500,122149,0.005934718100890191
2020-08-05,169500,171000,168500,171000,137416,0.008849557522123908
2020-08-06,172000,184000,171000,179000,555578,0.04678362573099415
2020-08-07,180500,182000,174000,175500,318464,-0.019553072625698276
2020-08-10,174000,193000,173000,190000,722396,0.0826210826210827
2020-08-11,190500,198000,188000,190000,408695,0.0
2020-08-12,190500,191500,184500,189500,192140,-0.0026315789473684292
2020-08-13,193500,194500,189500,191000,288259,0.0079155672823219
2020-08-14,191500,192000,184500,188000,131356,-0.015706806282722474
2020-08-18,184500,186000,175500,176000,232471,-0.06382978723404253
2020-08-19,178000,180000,174500,179500,107471,0.019886363636363535
2020-08-20,177500,177500,168500,169000,239731,-0.058495821727019504
2020-08-21,171000,172500,169000,171500,126895,0.014792899408283988
2020-08-24,169500,172000,167500,171000,91708,-0.002915451895043719
2020-08-25,173000,179500,172500,175500,176596,0.026315789473684292
2020-08-26,177000,177000,170500,173500,143346,-0.01139601139601143
2020-08-27,173500,183000,172500,180000,369517,0.03746397694524495
2020-08-28,182000,184000,178000,182500,182022,0.01388888888888884
2020-08-31,187000,192000,185500,189500,470660,0.03835616438356171
2020-09-01,189000,189500,184500,186500,155727,-0.0158311345646438
2020-09-02,189500,189500,178000,180500,248537,-0.03217158176943702
2020-09-03,181000,189500,178000,183500,320641,0.016620498614958512
2020-09-04,178000,183500,178000,183000,130752,-0.0027247956403270157
2020-09-07,183000,206000,181000,205000,926441,0.12021857923497259
2020-09-08,204500,207000,199500,200500,382137,-0.02195121951219514
2020-09-09,197500,214000,197000,208500,568084,0.03990024937655856
2020-09-10,211000,213000,202000,208000,392944,-0.0023980815347721673
2020-09-11,206500,211000,202500,202500,198327,-0.02644230769230771
2020-09-14,203000,220000,203000,217000,527310,0.07160493827160486
2020-09-15,218000,218000,211000,211500,201509,-0.025345622119815614
2020-09-16,212000,213500,205000,205500,211750,-0.028368794326241176
2020-09-17,206500,208000,200000,204500,224477,-0.0048661800486617945
2020-09-18,204000,214000,203500,209500,262852,0.02444987775061125
2020-09-21,210500,217000,207500,212500,251184,0.014319809069212486
2020-09-22,212500,213500,199000,202000,258209,-0.04941176470588238
2020-09-23,204000,208500,200500,206000,187843,0.01980198019801982
2020-09-24,202000,206000,196500,198000,186259,-0.03883495145631066
2020-09-25,200000,203000,195000,196000,133666,-0.010101010101010055
2020-09-28,198500,200500,191000,196000,190363,0.0
2020-09-29,198000,200000,194000,196500,145495,0.0025510204081633514
2020-10-05,199000,216500,197000,213000,577344,0.08396946564885499
2020-10-06,213500,221500,212000,216000,323821,0.014084507042253502
2020-10-07,213500,218500,212000,217500,167912,0.00694444444444442
2020-10-08,219000,231000,218000,229000,608306,0.05287356321839076
2020-10-12,233500,233500,222500,225000,307806,-0.017467248908296984
2020-10-13,225500,226000,219000,221500,183545,-0.015555555555555545
2020-10-14,221000,221500,216500,219000,235189,-0.011286681715575675
2020-10-15,219000,226000,217000,222000,252978,0.013698630136986356
2020-10-16,224500,224500,214000,218000,175373,-0.018018018018018056
2020-10-19,220500,227000,218000,223000,197639,0.022935779816513735
2020-10-20,221000,237000,221000,236500,440130,0.060538116591928315
2020-10-21,236500,243500,231500,241500,304716,0.02114164904862581
2020-10-22,239000,249500,238500,242500,358513,0.0041407867494824835
2020-10-23,245000,250000,242000,249000,272682,0.02680412371134011
2020-10-26,247000,254500,235500,238500,412612,-0.04216867469879515
2020-10-27,235000,241500,230000,231000,376997,-0.03144654088050314
2020-10-28,234000,247500,233000,246500,424322,0.0670995670995671
2020-10-29,241000,248000,237500,239000,392178,-0.030425963488843855
2020-10-30,241500,246000,231500,233000,344849,-0.025104602510460206
2020-11-02,232000,239000,229500,235500,323779,0.010729613733905685
2020-11-03,237000,251000,236500,248500,334468,0.05520169851380041
2020-11-04,251000,254000,235000,240000,400329,-0.03420523138832998
2020-11-05,244500,255000,236000,245000,580797,0.02083333333333326
2020-11-06,246000,251000,242500,250000,310670,0.020408163265306145
2020-11-09,257000,277000,256500,273000,610378,0.09200000000000008
2020-11-10,272500,279000,263000,268000,439290,-0.01831501831501836
2020-11-11,271500,285000,270000,280500,421936,0.04664179104477606
2020-11-12,278000,285500,273500,278500,314034,-0.007130124777183555
2020-11-13,277000,278500,264500,266500,407336,-0.04308797127468578
2020-11-16,269500,276000,264000,272500,254523,0.022514071294559068
2020-11-17,275500,284500,270500,272000,323721,-0.0018348623853210455
2020-11-18,277500,284000,271000,282500,239495,0.03860294117647056
2020-11-19,279000,282500,275500,281500,260482,-0.0035398230088495852
2020-11-20,281500,292000,281500,287000,244109,0.019538188277087087
2020-11-23,287000,294000,283000,289000,241810,0.006968641114982521
2020-11-24,294500,296500,286000,289000,274345,0.0
2020-11-25,290500,295000,279500,281000,320673,-0.02768166089965396
2020-11-26,281000,290000,279500,289000,466216,0.028469750889679624
2020-11-27,289000,291500,285000,287000,184689,-0.00692041522491349
2020-11-30,287000,289500,282000,282000,238375,-0.017421602787456414
2020-12-01,284500,287500,282500,285000,137568,0.010638297872340496
2020-12-02,288000,289500,284000,287500,189814,0.00877192982456143
2020-12-03,287000,287500,283500,285500,153347,-0.006956521739130417
2020-12-04,284000,285000,280000,281000,235837,-0.015761821366024553
2020-12-07,281500,282000,270000,275500,363399,-0.019572953736654797
2020-12-08,277000,278500,267000,269000,377712,-0.023593466424682408
2020-12-09,272000,280000,271500,279500,328980,0.0390334572490707
2020-12-10,276000,281000,274000,277500,253503,-0.007155635062611854
2020-12-11,281000,288000,279000,279500,324479,0.007207207207207134
2020-12-14,281500,281500,272000,273000,221862,-0.023255813953488413
2020-12-15,273000,275000,269500,272500,156152,-0.001831501831501825
2020-12-16,276500,277000,270000,271000,172891,-0.0055045871559632475
2020-12-17,271500,272000,264000,267000,317307,-0.014760147601476037
2020-12-18,268000,268500,264000,266500,165067,-0.0018726591760299671
2020-12-21,267000,267500,260000,264500,183477,-0.007504690431519689
2020-12-22,265500,265500,260000,260000,172290,-0.017013232514177745
2020-12-23,260500,262500,255500,258000,238843,-0.007692307692307665
2020-12-24,259500,271000,259000,265000,293956,0.027131782945736482
2020-12-28,266000,267500,263500,265500,161244,0.0018867924528302993
2020-12-29,264500,267500,262000,264500,194039,-0.0037664783427495685
2020-12-30,266000,280000,265500,276000,386964,0.04347826086956519
2021-01-04,278000,282500,277000,279500,342443,0.0126811594202898
2021-01-05,277500,283000,276500,282500,268642,0.01073345259391778
2021-01-06,288000,291500,282000,283000,454092,0.001769911504424737
2021-01-07,291000,305000,290000,304000,711593,0.07420494699646651
2021-01-08,306500,307000,296000,301000,449301,-0.009868421052631526
2021-01-11,302000,302000,283000,287500,576371,-0.04485049833887045
2021-01-12,287500,321500,284000,313000,1405533,0.08869565217391306
2021-01-13,317000,326500,304500,309000,555908,-0.012779552715655007
2021-01-14,310000,317000,305000,316000,323205,0.02265372168284796
2021-01-15,315000,315500,301000,301000,305414,-0.04746835443037978
2021-01-18,294500,298500,287500,289000,296723,-0.039867109634551534
2021-01-19,292500,296500,288500,292500,194590,0.01211072664359869
2021-01-20,296000,296500,287000,292500,226526,0.0
2021-01-21,297500,306000,293500,294500,259265,0.006837606837606813
2021-01-22,292500,294500,288500,289000,235079,-0.018675721561969394
2021-01-25,286000,291500,285000,287500,270741,-0.00519031141868509
2021-01-26,290500,293500,280500,282000,310821,-0.019130434782608674
2021-01-27,284500,289000,279500,284500,213805,0.00886524822695045
2021-01-28,277000,281000,271500,274500,254931,-0.03514938488576447
2021-01-29,276500,277000,261000,261000,276795,-0.049180327868852514
2021-02-01,260000,266500,255500,265000,249310,0.015325670498084198
2021-02-02,268500,283000,267500,275000,334228,0.037735849056603765
2021-02-03,281500,282000,273000,277500,202540,0.009090909090909038
2021-02-04,278500,278500,268500,270000,176269,-0.027027027027026973
2021-02-05,273000,284000,270000,284000,234939,0.051851851851851816
2021-02-08,291000,300000,286500,298000,617328,0.04929577464788726
2021-02-09,298500,301000,291000,291000,305252,-0.023489932885906062
2021-02-10,293000,305000,291000,303000,494419,0.04123711340206193
2021-02-15,307500,311500,303500,306000,298004,0.00990099009900991
2021-02-16,309000,313000,302500,311500,245269,0.017973856209150263
2021-02-17,311500,312000,298500,300500,258342,-0.035313001605136396
2021-02-18,299000,307000,297000,298000,286986,-0.008319467554076532
2021-02-19,309000,311000,288500,295000,395014,-0.010067114093959773
2021-02-22,301000,312000,300000,302000,425232,0.023728813559322104
2021-02-23,307500,331000,306000,326000,1193010,0.07947019867549665
2021-02-24,325500,325500,300000,302500,497132,-0.07208588957055218
2021-02-25,313000,324000,310500,324000,514784,0.07107438016528933
2021-02-26,313500,331000,311000,318000,602223,-0.01851851851851849
2021-03-02,329000,338000,321000,323500,419443,0.01729559748427678
2021-03-03,322000,329000,318500,328000,198150,0.01391035548686248
2021-03-04,324000,333500,319500,321000,265032,-0.021341463414634165
2021-03-05,316500,325500,313500,322000,275487,0.0031152647975076775
2021-03-08,328500,334000,310000,310000,335647,-0.037267080745341574
2021-03-09,318500,322000,310000,319000,404916,0.029032258064516148
2021-03-10,317500,322500,305000,306500,316142,-0.039184952978056464
2021-03-11,308500,309000,299500,306000,307643,-0.0016313213703099683
2021-03-12,310000,311000,302000,303500,206741,-0.008169934640522847
2021-03-15,304500,305000,298000,300500,170323,-0.009884678747940745
2021-03-16,301500,308500,296000,305500,243442,0.016638935108153063
2021-03-17,304000,307000,300500,302000,158342,-0.011456628477905073
2021-03-18,306000,309000,300000,300000,177030,-0.0066225165562914245
2021-03-19,304000,315000,303500,311000,427408,0.036666666666666625
2021-03-22,315000,323500,315000,317000,232362,0.019292604501607746
2021-03-23,322500,323500,310000,310000,205225,-0.02208201892744477
2021-03-24,308500,309500,302000,303500,229179,-0.020967741935483897
2021-03-25,304000,313000,301500,307500,158517,0.01317957166392092
2021-03-26,311000,312000,302500,304500,209625,-0.009756097560975618
2021-03-29,307500,308500,301500,303000,192320,-0.0049261083743842304
2021-03-30,306000,306500,300500,301000,184900,-0.0066006600660065695
2021-03-31,302000,308000,301000,301000,168395,0.0
2021-04-01,302500,305000,300000,301500,153829,0.0016611295681063787
2021-04-02,305500,306000,300000,301500,185123,0.0
2021-04-05,301500,301500,291000,293500,366252,-0.026533996683250405
2021-04-06,296000,299000,290000,290500,234677,-0.010221465076660996
2021-04-07,289500,294000,289500,290500,161877,0.0
2021-04-08,291500,297000,290500,296500,188980,0.0206540447504302
2021-04-09,297000,297500,292000,293000,176706,-0.01180438448566612
2021-04-12,294000,298000,290000,291000,162235,-0.0068259385665528916
2021-04-13,291500,292500,288500,289000,205723,-0.0068728522336769515
2021-04-14,291000,291500,285500,288000,255088,-0.0034602076124568004
2021-04-15,289000,290500,282500,284500,378242,-0.01215277777777779
2021-04-16,285000,290000,283000,286000,224408,0.005272407732864748
2021-04-19,287000,292000,286000,290500,238455,0.01573426573426584
2021-04-20,292000,293000,289000,292000,166475,0.005163511187607606
2021-04-21,290000,290500,286000,286500,197209,-0.018835616438356184
2021-04-22,289500,301000,288000,296500,555946,0.034904013961605695
2021-04-23,295500,297500,292000,293500,200019,-0.010118043844856706
2021-04-26,295500,301000,294500,297000,277168,0.011925042589437718
2021-04-27,300000,307500,296500,304500,429870,0.025252525252525304
2021-04-28,310500,311500,299500,303500,334779,-0.003284072249589487
2021-04-29,306500,309500,302000,307500,322709,0.01317957166392092
2021-04-30,308500,312500,301000,304000,259373,-0.011382113821138184
2021-05-03,304500,305000,282500,286500,481861,-0.05756578947368418
2021-05-04,286500,289000,276000,288500,297438,0.00698080279232105
2021-05-06,286500,304000,286000,304000,373716,0.05372616984402079
2021-05-07,307000,309000,299500,309000,315187,0.016447368421052655
2021-05-10,312000,321000,306500,308000,721174,-0.003236245954692518
2021-05-11,305000,309000,298500,300500,266650,-0.024350649350649345
2021-05-12,299500,304000,286500,287500,397425,-0.043261231281197965
2021-05-13,282000,288000,279000,283000,366424,-0.01565217391304352
2021-05-14,286500,286500,280000,282500,221417,-0.0017667844522968323
2021-05-17,282500,286000,275000,276000,240184,-0.023008849557522137
2021-05-18,276000,286500,276000,284500,179764,0.030797101449275388
2021-05-20,283000,290500,280000,288000,183075,0.012302284710017597
2021-05-21,290500,291500,284000,284000,121686,-0.01388888888888884
2021-05-24,284000,285500,280000,280000,101188,-0.014084507042253502
2021-05-25,281000,284500,281000,283500,91787,0.012499999999999956
2021-05-26,285000,287500,280500,281000,152494,-0.00881834215167554
2021-05-27,281500,282000,276000,277500,271086,-0.01245551601423489
2021-05-28,278000,283500,278000,281000,128167,0.012612612612612706
2021-05-31,281500,283000,277500,279000,135362,-0.007117437722419906
2021-06-01,281000,284000,278000,279500,153222,0.0017921146953405742
2021-06-02,281000,282000,278500,279000,166369,-0.0017889087656529634
2021-06-03,280500,283000,280000,282000,183053,0.010752688172043001
2021-06-04,282000,282500,278500,280500,160301,-0.005319148936170248
2021-06-07,282000,284000,280500,281500,130420,0.0035650623885918886
2021-06-08,281500,282000,274500,275000,350062,-0.023090586145648295
2021-06-09,275500,276500,272500,273000,198595,-0.0072727272727273196
2021-06-10,272500,272500,265000,267000,428728,-0.02197802197802201
2021-06-11,267000,269000,265500,265500,289329,-0.005617977528089901
2021-06-14,266000,269000,266000,268500,145822,0.011299435028248483
2021-06-15,269000,275500,268500,275000,264337,0.024208566108007368
2021-06-16,275500,275500,272000,274000,126805,-0.0036363636363636598
2021-06-17,274000,278500,270500,277000,199110,0.010948905109489093
2021-06-18,275000,276500,271500,272500,185925,-0.016245487364620947
2021-06-21,271500,272000,267500,269000,138614,-0.012844036697247652
2021-06-22,270000,271500,269500,270500,105486,0.005576208178438735
2021-06-23,268500,269000,259500,261000,518955,-0.03512014787430684
2021-06-24,260500,263500,259000,263000,224098,0.00766283524904221
2021-06-25,264000,265500,262000,265000,135145,0.0076045627376426506
2021-06-28,265000,271500,263500,270000,207349,0.018867924528301883
2021-06-29,271000,271500,266500,269500,91980,-0.0018518518518518823
2021-06-30,268000,268500,262000,262500,260784,-0.025974025974025983
2021-07-01,261500,263500,261000,262000,96421,-0.0019047619047618536
2021-07-02,261000,266000,261000,263000,107861,0.003816793893129722
2021-07-05,263500,264000,262000,263000,93765,0.0
2021-07-06,263000,265000,262000,264000,106456,0.0038022813688212143
2021-07-07,263000,263000,260500,261000,108977,-0.011363636363636354
2021-07-08,261000,261500,255000,259000,248439,-0.007662835249042099
2021-07-09,256500,256500,250000,253000,200886,-0.02316602316602312
2021-07-12,254000,257000,253000,255000,89984,0.007905138339920903
2021-07-13,256000,269000,255000,269000,445638,0.05490196078431375
2021-07-14,269500,274000,266000,269000,268783,0.0
2021-07-15,271000,273000,268000,268500,156475,-0.0018587360594795044
2021-07-16,267500,271000,265500,270000,115846,0.005586592178770999
2021-07-19,268000,275000,268000,273500,266843,0.012962962962963065
2021-07-20,272000,273500,266500,269500,224434,-0.014625228519195566
2021-07-21,272000,277000,270000,274000,251469,0.016697588126159513
2021-07-22,277000,277000,270000,270500,152380,-0.012773722627737238
2021-07-23,271500,272000,268000,269500,103159,-0.003696857670979714
2021-07-26,269000,273000,265000,271000,149283,0.005565862708719838
2021-07-27,272000,272500,267500,268500,75654,-0.009225092250922495
2021-07-28,270500,275000,268000,270000,141728,0.005586592178770999
2021-07-29,270500,271500,264000,265500,149795,-0.01666666666666672
2021-07-30,264000,265000,257000,259500,206862,-0.02259887005649719
2021-08-02,260500,268000,259500,266500,121721,0.026974951830443183
2021-08-03,267500,270500,264000,270000,163943,0.013133208255159401
2021-08-04,270000,270500,266500,269500,90084,-0.0018518518518518823
2021-08-05,269500,273000,267000,268000,100623,-0.005565862708719838
2021-08-06,268500,268500,262500,265000,149538,-0.011194029850746245
2021-08-09,265500,267000,262000,263500,134726,-0.005660377358490565
2021-08-10,263500,264500,259000,259500,103552,-0.015180265654648917
2021-08-11,260000,261500,257000,257500,108378,-0.0077071290944122905
2021-08-12,258500,260500,255000,257000,124171,-0.001941747572815511
2021-08-13,257000,257000,247500,248000,220532,-0.035019455252918275
2021-08-17,246500,247000,238000,240500,242313,-0.030241935483870996
2021-08-18,240500,245500,239500,245000,127158,0.018711018711018657
2021-08-19,242000,244500,236000,236000,145133,-0.03673469387755102
2021-08-20,236000,238500,233000,234500,177178,-0.006355932203389814
2021-08-23,235000,241500,235000,236000,169792,0.006396588486140775
2021-08-24,239500,242500,237500,242500,140569,0.02754237288135597
2021-08-25,242000,245500,239500,242500,99634,0.0
2021-08-26,240500,244500,239500,240000,92565,-0.010309278350515427
2021-08-27,238000,242500,236000,242000,120494,0.008333333333333304
2021-08-30,246000,252000,244500,246000,169270,0.016528925619834656
2021-08-31,247000,250000,242500,250000,136925,0.016260162601626105
2021-09-01,250000,250000,245500,246500,72059,-0.014000000000000012
2021-09-02,246000,248500,244000,246000,86764,-0.0020283975659228792
2021-09-03,246500,250500,246000,249000,70001,0.012195121951219523
2021-09-06,250500,250500,247500,248500,65481,-0.002008032128514081
2021-09-07,250500,251000,247500,249000,62098,0.002012072434607548
2021-09-08,249000,256000,248000,252500,164813,0.014056224899598346
2021-09-09,254000,256000,246500,248500,165928,-0.015841584158415856
2021-09-10,247500,249500,243000,248500,96030,0.0
2021-09-13,247500,259500,246500,258000,246678,0.03822937625754519
2021-09-14,261500,264000,255500,256000,164989,-0.007751937984496138
2021-09-15,255500,258000,253000,254000,98213,-0.0078125
2021-09-16,256500,267500,255000,265500,377823,0.04527559055118102
2021-09-17,267500,268500,261500,263000,188786,-0.00941619585687381
2021-09-23,258500,265500,256000,258500,158756,-0.017110266159695797
2021-09-24,261500,264500,255000,256000,139775,-0.009671179883945835
2021-09-27,253500,259500,252500,257500,94744,0.005859375
2021-09-28,257500,266500,255500,263500,265820,0.023300970873786353
2021-09-29,259000,262500,255000,256500,201326,-0.026565464895635715
2021-09-30,255500,255500,241000,241500,377234,-0.05847953216374269
2021-10-01,240000,244000,235000,242000,159203,0.0020703933747412417
2021-10-05,238000,241500,235000,235500,161458,-0.02685950413223137
2021-10-06,237500,246000,237000,237000,211820,0.006369426751592355
2021-10-07,240500,243000,235500,238000,106331,0.00421940928270037
2021-10-08,239000,242000,238000,238500,95631,0.0021008403361344463
2021-10-12,239000,243000,236500,240000,134566,0.0062893081761006275
2021-10-13,242000,245000,239500,241500,106328,0.006250000000000089
2021-10-14,244000,244000,238500,241500,116286,0.0
2021-10-15,243000,247000,242500,244000,86635,0.010351966873705987
2021-10-18,245000,245500,240500,243000,76811,-0.004098360655737654
2021-10-19,245500,246500,243000,244500,58515,0.006172839506172867
2021-10-20,244000,244500,236500,237500,204488,-0.02862985685071573
2021-10-21,239500,243000,238000,242000,129698,0.0189473684210526
2021-10-22,242500,244500,237000,237500,74325,-0.018595041322314043
2021-10-25,237500,240000,235000,240000,51885,0.010526315789473717
2021-10-26,241500,242500,239500,242500,83687,0.01041666666666674
2021-10-27,241000,241000,232000,232000,282334,-0.043298969072164906
2021-10-28,232000,232500,229000,229000,156204,-0.012931034482758674
2021-10-29,230500,230500,224000,224500,161435,-0.01965065502183405
2021-11-01,224000,228500,224000,228000,92321,0.015590200445434244
2021-11-02,228500,232000,227500,229000,95291,0.004385964912280604
2021-11-03,229500,230500,225000,227000,67269,-0.008733624454148492
2021-11-04,229500,233000,228000,228500,82669,0.0066079295154184425
2021-11-05,229000,229500,218000,219500,206116,-0.03938730853391681
2021-11-08,218000,218500,210500,216500,175678,-0.013667425968109326
2021-11-09,217000,219000,213500,217000,100205,0.002309468822170979
2021-11-10,215500,215500,210000,210000,133858,-0.032258064516129004
2021-11-11,208000,212000,207000,212000,133985,0.00952380952380949
2021-11-12,214000,220500,212000,216000,126487,0.018867924528301883
2021-11-15,217000,218500,216000,218500,76196,0.011574074074074181
2021-11-16,218500,221000,214000,216000,105273,-0.011441647597253968
2021-11-17,216500,217500,209000,211500,138323,-0.02083333333333337
2021-11-18,211000,213500,209000,209500,91525,-0.009456264775413725
2021-11-19,209000,212500,209000,209500,101712,0.0
2021-11-22,209500,214000,206500,212500,106524,0.014319809069212486
2021-11-23,211500,216000,210500,213000,82379,0.0023529411764706687
2021-11-24,211500,213000,210000,210500,62057,-0.011737089201877882
2021-11-25,210000,211500,207000,207000,65737,-0.016627078384798155
2021-11-26,206500,207500,200000,201000,162681,-0.02898550724637683
2021-11-29,196500,206500,196000,200500,135426,-0.0024875621890547706
2021-11-30,202500,211500,201000,201500,251544,0.004987531172069737
2021-12-01,206000,223000,205500,222000,432029,0.1017369727047146
2021-12-02,219000,225500,217000,223000,198015,0.0045045045045044585
2021-12-03,221500,228000,219000,224000,156006,0.004484304932735439
2021-12-06,227500,235500,224000,231500,332407,0.033482142857142794
2021-12-07,233500,234500,228000,231000,147647,-0.002159827213822907
2021-12-08,232000,233000,223000,225000,277684,-0.025974025974025983
2021-12-09,225000,227500,223000,227000,153460,0.008888888888888946
2021-12-10,225000,232000,223500,231500,130678,0.01982378854625555
2021-12-13,232000,233500,228500,228500,86464,-0.01295896328293733
2021-12-14,228500,235500,228000,233500,184458,0.02188183807439814
2021-12-15,233500,239500,231000,231000,138968,-0.010706638115631661
2021-12-16,233000,234000,224500,228000,144647,-0.012987012987012991
2021-12-17,227000,235000,226500,234500,138945,0.028508771929824483
2021-12-20,232000,233500,228000,229500,90630,-0.021321961620469065
2021-12-21,232000,232500,227000,229500,98669,0.0
2021-12-22,229000,230000,225000,225000,99419,-0.019607843137254943
